Category,Checkpoint,Status,Priority,Notes,How to Check,Action Required
Mobile Optimization,Site is mobile-friendly,Not Started,High,,Use Google Mobile-Friendly Test,
Mobile Optimization,Text is readable without zooming,Not Started,High,,View on mobile device,
Mobile Optimization,Buttons/links are easily tappable,Not Started,Medium,,Test on mobile,
Mobile Optimization,No horizontal scrolling required,Not Started,Medium,,View on mobile,
Mobile Optimization,Pop-ups don't block content on mobile,Not Started,Medium,,Test user experience,
Page Speed,PageSpeed score above 80 (mobile),Not Started,High,,Use PageSpeed Insights,
Page Speed,PageSpeed score above 90 (desktop),Not Started,High,,Use PageSpeed Insights,
Page Speed,Largest Contentful Paint (LCP) < 2.5s,Not Started,High,,Check Core Web Vitals,
Page Speed,First Input Delay (FID) < 100ms,Not Started,High,,Check Core Web Vitals,
Page Speed,Cumulative Layout Shift (CLS) < 0.1,Not Started,High,,Check Core Web Vitals,
Page Speed,Images are compressed,Not Started,High,,Use TinyPNG or PageSpeed,
Page Speed,Browser caching enabled,Not Started,Medium,,Check server configuration,
Page Speed,CSS/JS files minified,Not Started,Medium,,Use build tools,
Page Speed,Using Content Delivery Network (CDN),Not Started,Low,,Optional for small sites,
Security,HTTPS enabled (SSL certificate),Not Started,Critical,,Check URL starts with https://,
Security,SSL certificate valid and not expired,Not Started,Critical,,Check browser padlock icon,
Security,No mixed content warnings,Not Started,High,,Check browser console,
Security,Security headers configured,Not Started,Medium,,Use securityheaders.com,
Crawlability,XML sitemap exists,Not Started,High,,Visit yoursite.com/sitemap.xml,
Crawlability,Sitemap submitted to Google Search Console,Not Started,High,,Check GSC Coverage report,
Crawlability,Sitemap submitted to Bing Webmaster,Not Started,Medium,,Check Bing Webmaster Tools,
Crawlability,Robots.txt file exists and configured,Not Started,High,,Visit yoursite.com/robots.txt,
Crawlability,Important pages not blocked in robots.txt,Not Started,Critical,,Review robots.txt file,
Crawlability,No crawl errors in Search Console,Not Started,High,,Check GSC Coverage report,
Crawlability,All pages discoverable within 3 clicks,Not Started,Medium,,Audit site navigation,
Indexability,Pages indexed in Google,Not Started,High,,Use site:yoursite.com in Google,
Indexability,No duplicate content issues,Not Started,High,,Check GSC Coverage report,
Indexability,Canonical tags implemented correctly,Not Started,High,,View page source,
Indexability,No meta robots noindex on important pages,Not Started,Critical,,Check page source,
Indexability,Pagination handled correctly (rel=next/prev),Not Started,Low,,If applicable,
URL Structure,URLs are clean and descriptive,Not Started,Medium,,Review URL structure,
URL Structure,URLs use hyphens (not underscores),Not Started,Low,,Check URLs,
URL Structure,URLs are lowercase,Not Started,Low,,Check URLs,
URL Structure,No dynamic parameters in URLs (if possible),Not Started,Medium,,Review URL structure,
URL Structure,URL length under 60 characters (ideal),Not Started,Low,,Check URLs,
Site Architecture,Clear hierarchy (homepage > category > page),Not Started,Medium,,Audit site structure,
Site Architecture,Breadcrumb navigation implemented,Not Started,Low,,Check site navigation,
Site Architecture,Internal linking strategy in place,Not Started,High,,Audit internal links,
Site Architecture,Orphan pages identified and fixed,Not Started,Medium,,Use Screaming Frog,
Site Architecture,No broken internal links (404s),Not Started,High,,Use Screaming Frog or GSC,
Site Architecture,Redirects are 301 (not 302),Not Started,Medium,,Check redirect type,
Site Architecture,Redirect chains minimized,Not Started,Medium,,Audit redirects,
Structured Data,Schema markup implemented,Not Started,Medium,,Use Schema Markup Validator,
Structured Data,Organization schema on homepage,Not Started,Medium,,Check with validator,
Structured Data,LocalBusiness schema (if local business),Not Started,High,,Check with validator,
Structured Data,Article schema on blog posts,Not Started,Medium,,Check with validator,
Structured Data,Product schema (if e-commerce),Not Started,High,,Check with validator,
Structured Data,FAQ schema where applicable,Not Started,Low,,Optional enhancement,
Structured Data,Review schema (if applicable),Not Started,Low,,Optional enhancement,
Internationalization,Hreflang tags (if multi-language),Not Started,High,,If applicable,
Internationalization,Correct language declared in HTML,Not Started,Medium,,Check <html lang="">,
Core Issues,No duplicate title tags,Not Started,High,,Check GSC or Screaming Frog,
Core Issues,No duplicate meta descriptions,Not Started,Medium,,Check GSC or Screaming Frog,
Core Issues,No thin content pages,Not Started,High,,Audit page word counts,
Core Issues,Images have alt text,Not Started,High,,Audit image tags,
Core Issues,No excessive ads above the fold,Not Started,Medium,,Check user experience,
Server & Hosting,Server uptime above 99.9%,Not Started,High,,Use uptime monitoring,
Server & Hosting,Server response time under 200ms,Not Started,High,,Use PageSpeed Insights,
Server & Hosting,Using reliable web host,Not Started,High,,Review hosting performance,
Server & Hosting,Adequate bandwidth for traffic,Not Started,Medium,,Monitor server resources,
Log Files,Regular log file analysis performed,Not Started,Low,,Optional for advanced users,
Log Files,Googlebot crawl patterns analyzed,Not Started,Low,,Optional for advanced users,